grid,heuristic,nodes_expanded,seconds
g1_tiny,-,16,0.0001
g1_tiny,h0,21,0.0002
g1_tiny,h1,20,0.0002
g1_tiny,h2,13,0.0001
g1_tiny,h3,,
g1_tiny,h0,95,0.0005
g1_tiny,h1,52,0.0002
g1_tiny,h2,27,0.0002
g1_tiny,h3,,
g2_open,-,48,0.0002
g2_open,h0,98,0.0005
g2_open,h1,96,0.0005
g2_open,h2,76,0.0005
g2_open,h3,,
g2_open,h0,15586,0.0711
g2_open,h1,3821,0.0159
g2_open,h2,616,0.0039
g2_open,h3,,
g3_blocks,-,69,0.0003
g3_blocks,h0,411,0.0018
g3_blocks,h1,331,0.0018
g3_blocks,h2,256,0.0015
g3_blocks,h3,,
g3_blocks,h0,29281,0.1435
g3_blocks,h1,4463,0.021
g3_blocks,h2,2010,0.0153
g3_blocks,h3,,
g4_pillars,-,110,0.0004
g4_pillars,h0,1160,0.0079
g4_pillars,h1,850,0.005
g4_pillars,h2,510,0.0031
g4_pillars,h3,,
g4_pillars,h0,58097,0.2712
g4_pillars,h1,8883,0.0375
g4_pillars,h2,4174,0.0294
g4_pillars,h3,,
g5_rooms,-,136,0.0008
g5_rooms,h0,2403,0.0123
g5_rooms,h1,2097,0.0112
g5_rooms,h2,1651,0.0101
g5_rooms,h3,,
g5_rooms,h0,,60.0145
g5_rooms,h1,1802996,8.7754
g5_rooms,h2,731040,5.2813
g5_rooms,h3,,
g6_corridor,-,195,0.001
g6_corridor,h0,10873,0.056
g6_corridor,h1,7665,0.0366
g6_corridor,h2,5797,0.0386
g6_corridor,h3,,
g6_corridor,h0,,60.0145
g6_corridor,h1,,60.0071
g6_corridor,h2,,60.0156
g6_corridor,h3,,
